{
  "epoch": [
    1,
    2,
    3,
    4,
    5,
    6,
    7,
    8,
    9,
    10,
    11,
    12,
    13,
    14,
    15,
    16,
    17,
    18,
    19,
    20,
    21,
    22
  ],
  "train": [
    6.228945800236294,
    6.016009058271136,
    5.685836519513812,
    4.976077267101833,
    4.644654870033264,
    4.274664197649274,
    3.6556314485413686,
    3.574934193066188,
    3.240307092666626,
    2.9593593307903836,
    2.493368055139269,
    2.117660846029009,
    1.9293324862207686,
    1.8874422567231315,
    1.652279440845762,
    1.4773918645722526,
    1.3121037696089064,
    1.3287589039121355,
    1.2315325396401542,
    1.0661790541240148,
    0.9589264435427529,
    0.962266628231321
  ],
  "val": [
    4.712031841278076,
    4.378412246704102,
    4.286107540130615,
    4.275177001953125,
    5.03792142868042,
    4.87471866607666,
    4.406537055969238,
    4.562936782836914,
    3.1702606678009033,
    2.9684157371520996,
    3.425365924835205,
    2.3455913066864014,
    4.136049270629883,
    2.7651572227478027,
    3.413986921310425,
    5.5437116622924805,
    3.887782335281372,
    3.316072463989258,
    2.611661195755005,
    6.11851692199707,
    4.833069801330566,
    5.4486212730407715
  ]
}