model,horizon,RMSE,MAE
QTFT,1,1.1705151615456346,0.8171985745429993
QTFT,4,1.1082412406597602,0.8009623885154724
QTFT,8,1.378907503554339,0.9432489275932312
TFT,1,2.891058647001619,2.07731294631958
TFT,4,2.3973914235403435,1.7332162857055664
TFT,8,2.5476564483970043,1.7089343070983887
